State,Year,Price,President
Aguascalientes,1980,74478.826,No data
Baja California,1980,400156.971,No data
Baja California Sur,1980,53015.906,No data
Campeche,1980,511362.336,No data
Coahuila de Zaragoza,1980,362298.762,No data
Colima,1980,63715.01,No data
Chiapas,1980,200061.47,No data
Chihuahua,1980,303189.898,No data
Ciudad de México,1980,1831598.702,No data
Durango,1980,138131.749,No data
Guanajuato,1980,368213.095,No data
Guerrero,1980,193774.993,No data
Hidalgo,1980,211376.521,No data
Jalisco,1980,770276.62,No data
México,1980,937705.105,No data
Michoacán de Ocampo,1980,260181.052,No data
Morelos,1980,130212.646,No data
Nayarit,1980,78660.796,No data
Nuevo León,1980,617991.08,No data
Oaxaca,1980,244741.172,No data
Puebla,1980,308397.163,No data
Querétaro,1980,175561.876,No data
Quintana Roo,1980,91703.466,No data
San Luis Potosí,1980,186212.873,No data
Sinaloa,1980,255449.731,No data
Sonora,1980,310677.357,No data
Tabasco,1980,270117.127,No data
Tamaulipas,1980,301661.539,No data
Tlaxcala,1980,62461.652,No data
Veracruz de Ignacio de la Llave,1980,598151.443,No data
Yucatán,1980,128858.195,No data
Zacatecas,1980,75634.11,No data
Aguascalientes,1981,82816.058,No data
Baja California,1981,451676.827,No data
Baja California Sur,1981,57736.199,No data
Campeche,1981,560971.276,No data
Coahuila de Zaragoza,1981,401419.87,No data
Colima,1981,69001.929,No data
Chiapas,1981,212022.284,No data
Chihuahua,1981,336143.547,No data
Ciudad de México,1981,2023097.662,No data
Durango,1981,149622.29,No data
Guanajuato,1981,405438.439,No data
Guerrero,1981,203265.673,No data
Hidalgo,1981,231728.335,No data
Jalisco,1981,842629.981,No data
México,1981,1021972.175,No data
Michoacán de Ocampo,1981,279519.429,No data
Morelos,1981,140542.558,No data
Nayarit,1981,85476.368,No data
Nuevo León,1981,688550.973,No data
Oaxaca,1981,262007.269,No data
Puebla,1981,336057.021,No data
Querétaro,1981,198478.89,No data
Quintana Roo,1981,99980.216,No data
San Luis Potosí,1981,204513.595,No data
Sinaloa,1981,277443.379,No data
Sonora,1981,345288.324,No data
Tabasco,1981,294253.549,No data
Tamaulipas,1981,330920.502,No data
Tlaxcala,1981,68018.688,No data
Veracruz de Ignacio de la Llave,1981,642816.177,No data
Yucatán,1981,139814.095,No data
Zacatecas,1981,80855.522,No data
Aguascalientes,1982,83133.483,No data
Baja California,1982,446781.453,No data
Baja California Sur,1982,58188.199,No data
Campeche,1982,559721.988,No data
Coahuila de Zaragoza,1982,400947.441,No data
Colima,1982,69593.669,No data
Chiapas,1982,213802.066,No data
Chihuahua,1982,334520.594,No data
Ciudad de México,1982,2017375.623,No data
Durango,1982,148864.493,No data
Guanajuato,1982,405843.987,No data
Guerrero,1982,204231.274,No data
Hidalgo,1982,231940.424,No data
Jalisco,1982,842329.339,No data
México,1982,1020962.549,No data
Michoacán de Ocampo,1982,282663.393,No data
Morelos,1982,140692.478,No data
Nayarit,1982,85672.9,No data
Nuevo León,1982,689748.596,No data
Oaxaca,1982,262454.683,No data
Puebla,1982,336332.435,No data
Querétaro,1982,197183.528,No data
Quintana Roo,1982,99390.222,No data
San Luis Potosí,1982,203667.928,No data
Sinaloa,1982,277301.134,No data
Sonora,1982,342667.231,No data
Tabasco,1982,294532.487,No data
Tamaulipas,1982,331231.125,No data
Tlaxcala,1982,68237.902,No data
Veracruz de Ignacio de la Llave,1982,646101.093,No data
Yucatán,1982,140424.337,No data
Zacatecas,1982,81826.676,No data
Aguascalientes,1983,78800.571,No data
Baja California,1983,406200.113,No data
Baja California Sur,1983,57232.819,No data
Campeche,1983,523134.528,No data
Coahuila de Zaragoza,1983,372296.472,No data
Colima,1983,68026.277,No data
Chiapas,1983,211467.23,No data
Chihuahua,1983,315609.482,No data
Ciudad de México,1983,1937032.27,No data
Durango,1983,142374.332,No data
Guanajuato,1983,386976.711,No data
Guerrero,1983,201102.472,No data
Hidalgo,1983,219671.138,No data
Jalisco,1983,803836.743,No data
México,1983,975680.885,No data
Michoacán de Ocampo,1983,277660.717,No data
Morelos,1983,135296.83,No data
Nayarit,1983,83101.881,No data
Nuevo León,1983,650982.133,No data
Oaxaca,1983,254205.73,No data
Puebla,1983,320161.124,No data
Querétaro,1983,179814.669,No data
Quintana Roo,1983,95478.357,No data
San Luis Potosí,1983,192541.554,No data
Sinaloa,1983,269176.196,No data
Sonora,1983,318569.226,No data
Tabasco,1983,281657.89,No data
Tamaulipas,1983,313171.267,No data
Tlaxcala,1983,65651.448,No data
Veracruz de Ignacio de la Llave,1983,630969.855,No data
Yucatán,1983,136385.792,No data
Zacatecas,1983,81474.093,No data
Aguascalientes,1984,82466.825,No data
Baja California,1984,425488.625,No data
Baja California Sur,1984,59391.459,No data
Campeche,1984,546199.162,No data
Coahuila de Zaragoza,1984,388155.755,No data
Colima,1984,70501.031,No data
Chiapas,1984,217413.498,No data
Chihuahua,1984,327938.867,No data
Ciudad de México,1984,1992078.797,No data
Durango,1984,146541.785,No data
Guanajuato,1984,401802.461,No data
Guerrero,1984,205097.447,No data
Hidalgo,1984,227993.872,No data
Jalisco,1984,831613.821,No data
México,1984,1005942.034,No data
Michoacán de Ocampo,1984,287279.898,No data
Morelos,1984,139636.052,No data
Nayarit,1984,85770.444,No data
Nuevo León,1984,680103.575,No data
Oaxaca,1984,261329.743,No data
Puebla,1984,332213.538,No data
Querétaro,1984,188626.446,No data
Quintana Roo,1984,98611.552,No data
San Luis Potosí,1984,199365.178,No data
Sinaloa,1984,277534.929,No data
Sonora,1984,331187.849,No data
Tabasco,1984,292093.515,No data
Tamaulipas,1984,326251.16,No data
Tlaxcala,1984,67937.155,No data
Veracruz de Ignacio de la Llave,1984,650194.98,No data
Yucatán,1984,140916.064,No data
Zacatecas,1984,84037.773,No data
Aguascalientes,1985,84980.153,No data
Baja California,1985,437529.217,No data
Baja California Sur,1985,60739.522,No data
Campeche,1985,566378.356,No data
Coahuila de Zaragoza,1985,399779.403,No data
Colima,1985,72487.649,No data
Chiapas,1985,221924.469,No data
Chihuahua,1985,336124.562,No data
Ciudad de México,1985,1989027.993,No data
Durango,1985,149331.258,No data
Guanajuato,1985,411054.671,No data
Guerrero,1985,207963.999,No data
Hidalgo,1985,234155.256,No data
Jalisco,1985,848102.532,No data
México,1985,1019987.938,No data
Michoacán de Ocampo,1985,294893.038,No data
Morelos,1985,142764.341,No data
Nayarit,1985,87404.626,No data
Nuevo León,1985,697456.76,No data
Oaxaca,1985,266421.896,No data
Puebla,1985,341115.831,No data
Querétaro,1985,194642.252,No data
Quintana Roo,1985,100014.657,No data
San Luis Potosí,1985,203356.617,No data
Sinaloa,1985,283610.763,No data
Sonora,1985,340299.333,No data
Tabasco,1985,299283.011,No data
Tamaulipas,1985,336626.475,No data
Tlaxcala,1985,69470.168,No data
Veracruz de Ignacio de la Llave,1985,663322.167,No data
Yucatán,1985,143685.351,No data
Zacatecas,1985,86028.782,No data
Aguascalientes,1986,81602.733,No data
Baja California,1986,402275.154,No data
Baja California Sur,1986,59879.334,No data
Campeche,1986,548649.862,No data
Coahuila de Zaragoza,1986,375949.169,No data
Colima,1986,71375.438,No data
Chiapas,1986,221017.022,No data
Chihuahua,1986,318334.844,No data
Ciudad de México,1986,1890532.204,No data
Durango,1986,144410.954,No data
Guanajuato,1986,395223.704,No data
Guerrero,1986,205355.227,No data
Hidalgo,1986,225346.551,No data
Jalisco,1986,816419.424,No data
México,1986,979495.371,No data
Michoacán de Ocampo,1986,291491.817,No data
Morelos,1986,139069.037,No data
Nayarit,1986,84854.899,No data
Nuevo León,1986,665305.117,No data
Oaxaca,1986,260431.738,No data
Puebla,1986,329437.38,No data
Querétaro,1986,181294.454,No data
Quintana Roo,1986,97316.339,No data
San Luis Potosí,1986,194413.403,No data
Sinaloa,1986,275432.429,No data
Sonora,1986,319284.907,No data
Tabasco,1986,291678.089,No data
Tamaulipas,1986,322702.867,No data
Tlaxcala,1986,67563.429,No data
Veracruz de Ignacio de la Llave,1986,652268.475,No data
Yucatán,1986,140308.631,No data
Zacatecas,1986,85762.145,No data
Aguascalientes,1987,84379.078,No data
Baja California,1987,414361.763,No data
Baja California Sur,1987,61326.62,No data
Campeche,1987,570391.173,No data
Coahuila de Zaragoza,1987,384635.713,No data
Colima,1987,73308.392,No data
Chiapas,1987,225978.77,No data
Chihuahua,1987,325130.196,No data
Ciudad de México,1987,1896703.477,No data
Durango,1987,147319.56,No data
Guanajuato,1987,404826.527,No data
Guerrero,1987,208160.52,No data
Hidalgo,1987,231205.142,No data
Jalisco,1987,833612.505,No data
México,1987,995129.263,No data
Michoacán de Ocampo,1987,299033.717,No data
Morelos,1987,142350.99,No data
Nayarit,1987,86636.841,No data
Nuevo León,1987,683097.92,No data
Oaxaca,1987,265500.815,No data
Puebla,1987,338783.405,No data
Querétaro,1987,186881.167,No data
Quintana Roo,1987,99925.011,No data
San Luis Potosí,1987,198907.789,No data
Sinaloa,1987,281418.354,No data
Sonora,1987,327130.427,No data
Tabasco,1987,299962.761,No data
Tamaulipas,1987,331968.011,No data
Tlaxcala,1987,68998.903,No data
Veracruz de Ignacio de la Llave,1987,665977.182,No data
Yucatán,1987,143337.162,No data
Zacatecas,1987,87847.798,No data
Aguascalientes,1988,86482.199,No data
Baja California,1988,417816.039,No data
Baja California Sur,1988,62347.413,No data
Campeche,1988,588026.452,No data
Coahuila de Zaragoza,1988,387781.177,No data
Colima,1988,74614.039,No data
Chiapas,1988,230321.523,No data
Chihuahua,1988,326595.354,No data
Ciudad de México,1988,1897079.434,No data
Durango,1988,149135.741,No data
Guanajuato,1988,410582.652,No data
Guerrero,1988,210190.995,No data
Hidalgo,1988,235179.785,No data
Jalisco,1988,843957.151,No data
México,1988,1005115.817,No data
Michoacán de Ocampo,1988,304548.069,No data
Morelos,1988,144824.194,No data
Nayarit,1988,87659.176,No data
Nuevo León,1988,694487.692,No data
Oaxaca,1988,268784.772,No data
Puebla,1988,344990.458,No data
Querétaro,1988,189848.458,No data
Quintana Roo,1988,102517.019,No data
San Luis Potosí,1988,201730.855,No data
Sinaloa,1988,283922.528,No data
Sonora,1988,329333.277,No data
Tabasco,1988,306785.499,No data
Tamaulipas,1988,336905.194,No data
Tlaxcala,1988,69999.494,No data
Veracruz de Ignacio de la Llave,1988,676135.841,No data
Yucatán,1988,145505.231,No data
Zacatecas,1988,89469.397,No data
Aguascalientes,1989,91061.619,No data
Baja California,1989,436724.078,No data
Baja California Sur,1989,65210.463,No data
Campeche,1989,614610.518,No data
Coahuila de Zaragoza,1989,400158.299,No data
Colima,1989,76928.025,No data
Chiapas,1989,237262.252,No data
Chihuahua,1989,336951.958,No data
Ciudad de México,1989,1966175.114,No data
Durango,1989,153874.107,No data
Guanajuato,1989,426219.87,No data
Guerrero,1989,214534.793,No data
Hidalgo,1989,243977.914,No data
Jalisco,1989,872756.704,No data
México,1989,1039567.689,No data
Michoacán de Ocampo,1989,313917.509,No data
Morelos,1989,149798.346,No data
Nayarit,1989,90779.724,No data
Nuevo León,1989,725048.317,No data
Oaxaca,1989,276217.638,No data
Puebla,1989,357570.479,No data
Querétaro,1989,198639.217,No data
Quintana Roo,1989,107924.653,No data
San Luis Potosí,1989,209760.856,No data
Sinaloa,1989,292598.806,No data
Sonora,1989,341157.465,No data
Tabasco,1989,319254.887,No data
Tamaulipas,1989,348522.485,No data
Tlaxcala,1989,72350.801,No data
Veracruz de Ignacio de la Llave,1989,697097.94,No data
Yucatán,1989,150564.737,No data
Zacatecas,1989,92479.173,No data
Aguascalientes,1990,97895.019,No data
Baja California,1990,467382.396,No data
Baja California Sur,1990,67808.264,No data
Campeche,1990,649387.919,No data
Coahuila de Zaragoza,1990,423114.632,No data
Colima,1990,80232.039,No data
Chiapas,1990,246057.654,No data
Chihuahua,1990,357492.572,No data
Ciudad de México,1990,2060708.474,No data
Durango,1990,160987.57,No data
Guanajuato,1990,449866.898,No data
Guerrero,1990,221373.566,No data
Hidalgo,1990,258198.406,No data
Jalisco,1990,915367.582,No data
México,1990,1090095.097,No data
Michoacán de Ocampo,1990,326993.653,No data
Morelos,1990,156870.667,No data
Nayarit,1990,96157.214,No data
Nuevo León,1990,769293.924,No data
Oaxaca,1990,288209.053,No data
Puebla,1990,375451.267,No data
Querétaro,1990,213298.179,No data
Quintana Roo,1990,114991.925,No data
San Luis Potosí,1990,222175.786,No data
Sinaloa,1990,308943.744,No data
Sonora,1990,365246.871,No data
Tabasco,1990,335679.74,No data
Tamaulipas,1990,367555.948,No data
Tlaxcala,1990,76003.554,No data
Veracruz de Ignacio de la Llave,1990,727876.67,No data
Yucatán,1990,157851.869,No data
Zacatecas,1990,96917.509,No data
Aguascalientes,1991,103728.741,No data
Baja California,1991,487452.211,No data
Baja California Sur,1991,71483.582,No data
Campeche,1991,671524.501,No data
Coahuila de Zaragoza,1991,437256.445,No data
Colima,1991,82613.489,No data
Chiapas,1991,253835.721,No data
Chihuahua,1991,370983.422,No data
Ciudad de México,1991,2161707.696,No data
Durango,1991,165970.863,No data
Guanajuato,1991,467278.457,No data
Guerrero,1991,226957.173,No data
Hidalgo,1991,269826.384,No data
Jalisco,1991,947456.149,No data
México,1991,1131899.307,No data
Michoacán de Ocampo,1991,336933.925,No data
Morelos,1991,161946.756,No data
Nayarit,1991,100823.095,No data
Nuevo León,1991,803906.221,No data
Oaxaca,1991,297421.954,No data
Puebla,1991,385949.837,No data
Querétaro,1991,224437.967,No data
Quintana Roo,1991,122000.95,No data
San Luis Potosí,1991,231723.191,No data
Sinaloa,1991,320499.134,No data
Sonora,1991,381781.173,No data
Tabasco,1991,349833.294,No data
Tamaulipas,1991,377819.949,No data
Tlaxcala,1991,79411.943,No data
Veracruz de Ignacio de la Llave,1991,754565.225,No data
Yucatán,1991,164029.897,No data
Zacatecas,1991,101223.598,No data
Aguascalientes,1992,109843.958,No data
Baja California,1992,511546.295,No data
Baja California Sur,1992,74828.893,No data
Campeche,1992,692158.838,No data
Coahuila de Zaragoza,1992,460053.092,No data
Colima,1992,84539.724,No data
Chiapas,1992,262154.117,No data
Chihuahua,1992,385367.509,No data
Ciudad de México,1992,2235098.068,No data
Durango,1992,169449.991,No data
Guanajuato,1992,482646.44,No data
Guerrero,1992,231080.66,No data
Hidalgo,1992,282923.737,No data
Jalisco,1992,976925.373,No data
México,1992,1168758.364,No data
Michoacán de Ocampo,1992,344014.905,No data
Morelos,1992,166653.195,No data
Nayarit,1992,105565.162,No data
Nuevo León,1992,838399.236,No data
Oaxaca,1992,307185.322,No data
Puebla,1992,395756.54,No data
Querétaro,1992,239270.704,No data
Quintana Roo,1992,129251.814,No data
San Luis Potosí,1992,240115.625,No data
Sinaloa,1992,327922.167,No data
Sonora,1992,401565.199,No data
Tabasco,1992,362566.507,No data
Tamaulipas,1992,388740.61,No data
Tlaxcala,1992,82727.754,No data
Veracruz de Ignacio de la Llave,1992,777545.07,No data
Yucatán,1992,169412.962,No data
Zacatecas,1992,105714.439,No data
Aguascalientes,1993,114706.122,No data
Baja California,1993,513177.249,No data
Baja California Sur,1993,72837.861,No data
Campeche,1993,687476.866,No data
Coahuila de Zaragoza,1993,470418.456,No data
Colima,1993,86396.612,No data
Chiapas,1993,271140.547,No data
Chihuahua,1993,399928.053,No data
Ciudad de México,1993,2354923.799,No data
Durango,1993,172783.065,No data
Guanajuato,1993,496878.472,No data
Guerrero,1993,231366.829,No data
Hidalgo,1993,291315.292,No data
Jalisco,1993,1001233.106,No data
México,1993,1201586.797,No data
Michoacán de Ocampo,1993,342922.975,No data
Morelos,1993,173068.497,No data
Nayarit,1993,109103.474,No data
Nuevo León,1993,870417.876,No data
Oaxaca,1993,313397.486,No data
Puebla,1993,405919.866,No data
Querétaro,1993,249996.002,No data
Quintana Roo,1993,135856.072,No data
San Luis Potosí,1993,247556.065,No data
Sinaloa,1993,337214.92,No data
Sonora,1993,412351.751,No data
Tabasco,1993,374781.921,No data
Tamaulipas,1993,393413.027,No data
Tlaxcala,1993,84565.457,No data
Veracruz de Ignacio de la Llave,1993,795130.741,No data
Yucatán,1993,175790.252,No data
Zacatecas,1993,109452.145,No data
Aguascalientes,1994,121683.61,No data
Baja California,1994,548270.478,No data
Baja California Sur,1994,75145.064,No data
Campeche,1994,713798.595,No data
Coahuila de Zaragoza,1994,479739.942,No data
Colima,1994,90021.397,No data
Chiapas,1994,281576.824,No data
Chihuahua,1994,417236.559,No data
Ciudad de México,1994,2448263.341,No data
Durango,1994,181317.13,No data
Guanajuato,1994,515053.908,No data
Guerrero,1994,244535.125,No data
Hidalgo,1994,297707.217,No data
Jalisco,1994,1031966.723,No data
México,1994,1239027.57,No data
Michoacán de Ocampo,1994,364984.886,No data
Morelos,1994,176584.993,No data
Nayarit,1994,112712.606,No data
Nuevo León,1994,916740.227,No data
Oaxaca,1994,344896.493,No data
Puebla,1994,425377.902,No data
Querétaro,1994,266657.533,No data
Quintana Roo,1994,140495.158,No data
San Luis Potosí,1994,264259.318,No data
Sinaloa,1994,344143.941,No data
Sonora,1994,446592.628,No data
Tabasco,1994,375021.806,No data
Tamaulipas,1994,419239.836,No data
Tlaxcala,1994,87364.992,No data
Veracruz de Ignacio de la Llave,1994,837586.157,No data
Yucatán,1994,187126.784,No data
Zacatecas,1994,112635.597,No data
Aguascalientes,1995,116418.715,Ernesto Zedillo
Baja California,1995,494337.737,Ernesto Zedillo
Baja California Sur,1995,72405.422,Ernesto Zedillo
Campeche,1995,678258.361,Ernesto Zedillo
Coahuila de Zaragoza,1995,466715.135,Ernesto Zedillo
Colima,1995,85408.456,Ernesto Zedillo
Chiapas,1995,280089.472,Ernesto Zedillo
Chihuahua,1995,403134.639,Ernesto Zedillo
Ciudad de México,1995,2292168.752,Ernesto Zedillo
Durango,1995,174420.963,Ernesto Zedillo
Guanajuato,1995,498677.804,Ernesto Zedillo
Guerrero,1995,228791.872,Ernesto Zedillo
Hidalgo,1995,255701.636,Ernesto Zedillo
Jalisco,1995,952802.192,Ernesto Zedillo
México,1995,1148484.717,Ernesto Zedillo
Michoacán de Ocampo,1995,357772.256,Ernesto Zedillo
Morelos,1995,157617.989,Ernesto Zedillo
Nayarit,1995,98045.993,Ernesto Zedillo
Nuevo León,1995,853356.8,Ernesto Zedillo
Oaxaca,1995,306954.506,Ernesto Zedillo
Puebla,1995,390625.793,Ernesto Zedillo
Querétaro,1995,249677.708,Ernesto Zedillo
Quintana Roo,1995,134354.565,Ernesto Zedillo
San Luis Potosí,1995,237666.352,Ernesto Zedillo
Sinaloa,1995,327570.369,Ernesto Zedillo
Sonora,1995,427732.851,Ernesto Zedillo
Tabasco,1995,375082.821,Ernesto Zedillo
Tamaulipas,1995,391818.081,Ernesto Zedillo
Tlaxcala,1995,83622.143,Ernesto Zedillo
Veracruz de Ignacio de la Llave,1995,819429.085,Ernesto Zedillo
Yucatán,1995,175941.945,Ernesto Zedillo
Zacatecas,1995,115226.865,Ernesto Zedillo
Aguascalientes,1996,124298.764,Ernesto Zedillo
Baja California,1996,558044.575,Ernesto Zedillo
Baja California Sur,1996,80971.993,Ernesto Zedillo
Campeche,1996,734002.007,Ernesto Zedillo
Coahuila de Zaragoza,1996,541594.61,Ernesto Zedillo
Colima,1996,91716.411,Ernesto Zedillo
Chiapas,1996,277752.381,Ernesto Zedillo
Chihuahua,1996,435992.033,Ernesto Zedillo
Ciudad de México,1996,2381093.817,Ernesto Zedillo
Durango,1996,183390.103,Ernesto Zedillo
Guanajuato,1996,529479.376,Ernesto Zedillo
Guerrero,1996,233979.235,Ernesto Zedillo
Hidalgo,1996,286643.929,Ernesto Zedillo
Jalisco,1996,999054.07,Ernesto Zedillo
México,1996,1241792.142,Ernesto Zedillo
Michoacán de Ocampo,1996,372008.218,Ernesto Zedillo
Morelos,1996,166374.385,Ernesto Zedillo
Nayarit,1996,99798.378,Ernesto Zedillo
Nuevo León,1996,906779.122,Ernesto Zedillo
Oaxaca,1996,319534.739,Ernesto Zedillo
Puebla,1996,425612.773,Ernesto Zedillo
Querétaro,1996,275429.117,Ernesto Zedillo
Quintana Roo,1996,146787.797,Ernesto Zedillo
San Luis Potosí,1996,254611.97,Ernesto Zedillo
Sinaloa,1996,332225.363,Ernesto Zedillo
Sonora,1996,443592.829,Ernesto Zedillo
Tabasco,1996,400198.471,Ernesto Zedillo
Tamaulipas,1996,423986.738,Ernesto Zedillo
Tlaxcala,1996,90221.405,Ernesto Zedillo
Veracruz de Ignacio de la Llave,1996,844058.975,Ernesto Zedillo
Yucatán,1996,184958.478,Ernesto Zedillo
Zacatecas,1996,113144.758,Ernesto Zedillo
Aguascalientes,1997,133594.837,Ernesto Zedillo
Baja California,1997,631004.251,Ernesto Zedillo
Baja California Sur,1997,84520.69,Ernesto Zedillo
Campeche,1997,777814.215,Ernesto Zedillo
Coahuila de Zaragoza,1997,593148.483,Ernesto Zedillo
Colima,1997,95885.862,Ernesto Zedillo
Chiapas,1997,286887.615,Ernesto Zedillo
Chihuahua,1997,465482.547,Ernesto Zedillo
Ciudad de México,1997,2556605.051,Ernesto Zedillo
Durango,1997,190883.331,Ernesto Zedillo
Guanajuato,1997,563561.208,Ernesto Zedillo
Guerrero,1997,241019.011,Ernesto Zedillo
Hidalgo,1997,297456.743,Ernesto Zedillo
Jalisco,1997,1073517.83,Ernesto Zedillo
México,1997,1349872.395,Ernesto Zedillo
Michoacán de Ocampo,1997,412081.048,Ernesto Zedillo
Morelos,1997,177536.742,Ernesto Zedillo
Nayarit,1997,101315.849,Ernesto Zedillo
Nuevo León,1997,993197.623,Ernesto Zedillo
Oaxaca,1997,327015.68,Ernesto Zedillo
Puebla,1997,464012.27,Ernesto Zedillo
Querétaro,1997,311036.856,Ernesto Zedillo
Quintana Roo,1997,160989.365,Ernesto Zedillo
San Luis Potosí,1997,271486.832,Ernesto Zedillo
Sinaloa,1997,340612.525,Ernesto Zedillo
Sonora,1997,490764.861,Ernesto Zedillo
Tabasco,1997,413550.601,Ernesto Zedillo
Tamaulipas,1997,455081.683,Ernesto Zedillo
Tlaxcala,1997,99083.706,Ernesto Zedillo
Veracruz de Ignacio de la Llave,1997,870946.819,Ernesto Zedillo
Yucatán,1997,196057.819,Ernesto Zedillo
Zacatecas,1997,116878.946,Ernesto Zedillo
Aguascalientes,1998,143027.444,Ernesto Zedillo
Baja California,1998,662820.822,Ernesto Zedillo
Baja California Sur,1998,86993.272,Ernesto Zedillo
Campeche,1998,808927.143,Ernesto Zedillo
Coahuila de Zaragoza,1998,627310.172,Ernesto Zedillo
Colima,1998,103304.324,Ernesto Zedillo
Chiapas,1998,304458.959,Ernesto Zedillo
Chihuahua,1998,507712.965,Ernesto Zedillo
Ciudad de México,1998,2657943.137,Ernesto Zedillo
Durango,1998,206637.853,Ernesto Zedillo
Guanajuato,1998,609251.753,Ernesto Zedillo
Guerrero,1998,252375.14,Ernesto Zedillo
Hidalgo,1998,330896.628,Ernesto Zedillo
Jalisco,1998,1160210.854,Ernesto Zedillo
México,1998,1429362.561,Ernesto Zedillo
Michoacán de Ocampo,1998,418543.917,Ernesto Zedillo
Morelos,1998,193594.149,Ernesto Zedillo
Nayarit,1998,111041.348,Ernesto Zedillo
Nuevo León,1998,1077062.017,Ernesto Zedillo
Oaxaca,1998,334657.797,Ernesto Zedillo
Puebla,1998,505678.766,Ernesto Zedillo
Querétaro,1998,345343.606,Ernesto Zedillo
Quintana Roo,1998,174543.175,Ernesto Zedillo
San Luis Potosí,1998,288747.333,Ernesto Zedillo
Sinaloa,1998,356125.715,Ernesto Zedillo
Sonora,1998,527235.04,Ernesto Zedillo
Tabasco,1998,430207.572,Ernesto Zedillo
Tamaulipas,1998,504207.002,Ernesto Zedillo
Tlaxcala,1998,101404.039,Ernesto Zedillo
Veracruz de Ignacio de la Llave,1998,907890.003,Ernesto Zedillo
Yucatán,1998,209786.254,Ernesto Zedillo
Zacatecas,1998,126943.37,Ernesto Zedillo
Aguascalientes,1999,145644.385,Ernesto Zedillo
Baja California,1999,720343.964,Ernesto Zedillo
Baja California Sur,1999,89307.071,Ernesto Zedillo
Campeche,1999,763456.631,Ernesto Zedillo
Coahuila de Zaragoza,1999,640331.195,Ernesto Zedillo
Colima,1999,106422.374,Ernesto Zedillo
Chiapas,1999,304224.778,Ernesto Zedillo
Chihuahua,1999,535621.568,Ernesto Zedillo
Ciudad de México,1999,2739399.492,Ernesto Zedillo
Durango,1999,206787.114,Ernesto Zedillo
Guanajuato,1999,617668.996,Ernesto Zedillo
Guerrero,1999,254395.831,Ernesto Zedillo
Hidalgo,1999,332950.914,Ernesto Zedillo
Jalisco,1999,1202945.427,Ernesto Zedillo
México,1999,1477235.692,Ernesto Zedillo
Michoacán de Ocampo,1999,443564.154,Ernesto Zedillo
Morelos,1999,202707.277,Ernesto Zedillo
Nayarit,1999,114192.153,Ernesto Zedillo
Nuevo León,1999,1137219.584,Ernesto Zedillo
Oaxaca,1999,343293.948,Ernesto Zedillo
Puebla,1999,544796.012,Ernesto Zedillo
Querétaro,1999,355088.08,Ernesto Zedillo
Quintana Roo,1999,174096.956,Ernesto Zedillo
San Luis Potosí,1999,295819.416,Ernesto Zedillo
Sinaloa,1999,365612.281,Ernesto Zedillo
Sonora,1999,544837.721,Ernesto Zedillo
Tabasco,1999,424251.703,Ernesto Zedillo
Tamaulipas,1999,536545.01,Ernesto Zedillo
Tlaxcala,1999,107601.492,Ernesto Zedillo
Veracruz de Ignacio de la Llave,1999,891190.639,Ernesto Zedillo
Yucatán,1999,217164.868,Ernesto Zedillo
Zacatecas,1999,124224.347,Ernesto Zedillo
Aguascalientes,2000,158299.884,Ernesto Zedillo
Baja California,2000,790646.793,Ernesto Zedillo
Baja California Sur,2000,95187.276,Ernesto Zedillo
Campeche,2000,826278.19,Ernesto Zedillo
Coahuila de Zaragoza,2000,655490.87,Ernesto Zedillo
Colima,2000,110550.51,Ernesto Zedillo
Chiapas,2000,309796.913,Ernesto Zedillo
Chihuahua,2000,581263.822,Ernesto Zedillo
Ciudad de México,2000,2903708.822,Ernesto Zedillo
Durango,2000,208654.022,Ernesto Zedillo
Guanajuato,2000,653601.346,Ernesto Zedillo
Guerrero,2000,256193.563,Ernesto Zedillo
Hidalgo,2000,337331.454,Ernesto Zedillo
Jalisco,2000,1259069.606,Ernesto Zedillo
México,2000,1560108.787,Ernesto Zedillo
Michoacán de Ocampo,2000,451793.037,Ernesto Zedillo
Morelos,2000,206506.907,Ernesto Zedillo
Nayarit,2000,115655.771,Ernesto Zedillo
Nuevo León,2000,1212180.744,Ernesto Zedillo
Oaxaca,2000,355730.604,Ernesto Zedillo
Puebla,2000,563688.529,Ernesto Zedillo
Querétaro,2000,368560.567,Ernesto Zedillo
Quintana Roo,2000,180224.21,Ernesto Zedillo
San Luis Potosí,2000,310464.565,Ernesto Zedillo
Sinaloa,2000,391566.997,Ernesto Zedillo
Sonora,2000,591564.059,Ernesto Zedillo
Tabasco,2000,425906.505,Ernesto Zedillo
Tamaulipas,2000,565664.824,Ernesto Zedillo
Tlaxcala,2000,112212.235,Ernesto Zedillo
Veracruz de Ignacio de la Llave,2000,896917.145,Ernesto Zedillo
Yucatán,2000,232449.318,Ernesto Zedillo
Zacatecas,2000,124586.508,Ernesto Zedillo
Aguascalientes,2001,167309.35,Vicente Fox
Baja California,2001,730554.237,Vicente Fox
Baja California Sur,2001,99668.467,Vicente Fox
Campeche,2001,892409.088,Vicente Fox
Coahuila de Zaragoza,2001,657960.994,Vicente Fox
Colima,2001,108484.812,Vicente Fox
Chiapas,2001,308418.26,Vicente Fox
Chihuahua,2001,554947.182,Vicente Fox
Ciudad de México,2001,2870934.157,Vicente Fox
Durango,2001,217801.317,Vicente Fox
Guanajuato,2001,657506.762,Vicente Fox
Guerrero,2001,258793.422,Vicente Fox
Hidalgo,2001,334079.072,Vicente Fox
Jalisco,2001,1237977.396,Vicente Fox
México,2001,1571190.184,Vicente Fox
Michoacán de Ocampo,2001,440699.835,Vicente Fox
Morelos,2001,214338.523,Vicente Fox
Nayarit,2001,119642.886,Vicente Fox
Nuevo León,2001,1213057.555,Vicente Fox
Oaxaca,2001,358564.555,Vicente Fox
Puebla,2001,573874.347,Vicente Fox
Querétaro,2001,368073.905,Vicente Fox
Quintana Roo,2001,189902.126,Vicente Fox
San Luis Potosí,2001,307856.591,Vicente Fox
Sinaloa,2001,383669.662,Vicente Fox
Sonora,2001,573834.854,Vicente Fox
Tabasco,2001,417100.655,Vicente Fox
Tamaulipas,2001,538197.19,Vicente Fox
Tlaxcala,2001,116176.586,Vicente Fox
Veracruz de Ignacio de la Llave,2001,882374.528,Vicente Fox
Yucatán,2001,237095.381,Vicente Fox
Zacatecas,2001,129056.61,Vicente Fox
Aguascalientes,2002,174918.428,Vicente Fox
Baja California,2002,696088.199,Vicente Fox
Baja California Sur,2002,97301.797,Vicente Fox
Campeche,2002,913435.104,Vicente Fox
Coahuila de Zaragoza,2002,693560.014,Vicente Fox
Colima,2002,109196.395,Vicente Fox
Chiapas,2002,312380.021,Vicente Fox
Chihuahua,2002,545694.429,Vicente Fox
Ciudad de México,2002,2893524.309,Vicente Fox
Durango,2002,218739.592,Vicente Fox
Guanajuato,2002,687741.364,Vicente Fox
Guerrero,2002,256700.551,Vicente Fox
Hidalgo,2002,331453.157,Vicente Fox
Jalisco,2002,1224880.475,Vicente Fox
México,2002,1538761.635,Vicente Fox
Michoacán de Ocampo,2002,434174.053,Vicente Fox
Morelos,2002,208522.438,Vicente Fox
Nayarit,2002,116345.763,Vicente Fox
Nuevo León,2002,1238800.332,Vicente Fox
Oaxaca,2002,362128.852,Vicente Fox
Puebla,2002,562578.599,Vicente Fox
Querétaro,2002,361864.277,Vicente Fox
Quintana Roo,2002,188918.367,Vicente Fox
San Luis Potosí,2002,307862.796,Vicente Fox
Sinaloa,2002,370366.756,Vicente Fox
Sonora,2002,527470.594,Vicente Fox
Tabasco,2002,395538.825,Vicente Fox
Tamaulipas,2002,558158.706,Vicente Fox
Tlaxcala,2002,112954.382,Vicente Fox
Veracruz de Ignacio de la Llave,2002,876026.947,Vicente Fox
Yucatán,2002,234921.506,Vicente Fox
Zacatecas,2002,138591.099,Vicente Fox
Aguascalientes,2003,176576.721,Vicente Fox
Baja California,2003,682996.928,Vicente Fox
Baja California Sur,2003,102696.425,Vicente Fox
Campeche,2003,986877.724,Vicente Fox
Coahuila de Zaragoza,2003,725622.352,Vicente Fox
Colima,2003,106240.461,Vicente Fox
Chiapas,2003,314665.411,Vicente Fox
Chihuahua,2003,559444.758,Vicente Fox
Ciudad de México,2003,2842788.554,Vicente Fox
Durango,2003,231278.924,Vicente Fox
Guanajuato,2003,708927.872,Vicente Fox
Guerrero,2003,254042.54,Vicente Fox
Hidalgo,2003,331525.317,Vicente Fox
Jalisco,2003,1212171.197,Vicente Fox
México,2003,1533475.171,Vicente Fox
Michoacán de Ocampo,2003,448524.814,Vicente Fox
Morelos,2003,217613.142,Vicente Fox
Nayarit,2003,112071.423,Vicente Fox
Nuevo León,2003,1289662.122,Vicente Fox
Oaxaca,2003,362456.15,Vicente Fox
Puebla,2003,576613.125,Vicente Fox
Querétaro,2003,361413.518,Vicente Fox
Quintana Roo,2003,196536.479,Vicente Fox
San Luis Potosí,2003,321098.785,Vicente Fox
Sinaloa,2003,371316.275,Vicente Fox
Sonora,2003,510814.148,Vicente Fox
Tabasco,2003,396077.777,Vicente Fox
Tamaulipas,2003,582321.194,Vicente Fox
Tlaxcala,2003,111662.698,Vicente Fox
Veracruz de Ignacio de la Llave,2003,891802.541,Vicente Fox
Yucatán,2003,237526.365,Vicente Fox
Zacatecas,2003,142477.004,Vicente Fox
Aguascalientes,2004,182404.561,Vicente Fox
Baja California,2004,697268.689,Vicente Fox
Baja California Sur,2004,110723.357,Vicente Fox
Campeche,2004,998062.315,Vicente Fox
Coahuila de Zaragoza,2004,738323.009,Vicente Fox
Colima,2004,107179.093,Vicente Fox
Chiapas,2004,304083.364,Vicente Fox
Chihuahua,2004,577532.784,Vicente Fox
Ciudad de México,2004,2962342.214,Vicente Fox
Durango,2004,242836.198,Vicente Fox
Guanajuato,2004,728133.105,Vicente Fox
Guerrero,2004,265397.24,Vicente Fox
Hidalgo,2004,357756.18,Vicente Fox
Jalisco,2004,1246901.39,Vicente Fox
México,2004,1567254.003,Vicente Fox
Michoacán de Ocampo,2004,459993.952,Vicente Fox
Morelos,2004,224157.81,Vicente Fox
Nayarit,2004,128877.88,Vicente Fox
Nuevo León,2004,1335507.839,Vicente Fox
Oaxaca,2004,369439.028,Vicente Fox
Puebla,2004,592032.266,Vicente Fox
Querétaro,2004,384867.517,Vicente Fox
Quintana Roo,2004,213011.75,Vicente Fox
San Luis Potosí,2004,352876.293,Vicente Fox
Sinaloa,2004,396222.844,Vicente Fox
Sonora,2004,533388.519,Vicente Fox
Tabasco,2004,410827.401,Vicente Fox
Tamaulipas,2004,609099.706,Vicente Fox
Tlaxcala,2004,116474.385,Vicente Fox
Veracruz de Ignacio de la Llave,2004,931125.824,Vicente Fox
Yucatán,2004,246929.64,Vicente Fox
Zacatecas,2004,146477.354,Vicente Fox
Aguascalientes,2005,185650.542,Vicente Fox
Baja California,2005,716802.171,Vicente Fox
Baja California Sur,2005,117708.462,Vicente Fox
Campeche,2005,985831.295,Vicente Fox
Coahuila de Zaragoza,2005,751258.283,Vicente Fox
Colima,2005,107631.263,Vicente Fox
Chiapas,2005,310293.582,Vicente Fox
Chihuahua,2005,592161.222,Vicente Fox
Ciudad de México,2005,2991075.244,Vicente Fox
Durango,2005,235761.599,Vicente Fox
Guanajuato,2005,731639.285,Vicente Fox
Guerrero,2005,272647.21,Vicente Fox
Hidalgo,2005,353466.254,Vicente Fox
Jalisco,2005,1274855.822,Vicente Fox
México,2005,1617553.74,Vicente Fox
Michoacán de Ocampo,2005,461303.857,Vicente Fox
Morelos,2005,235326.288,Vicente Fox
Nayarit,2005,135701.452,Vicente Fox
Nuevo León,2005,1368861.991,Vicente Fox
Oaxaca,2005,376461.041,Vicente Fox
Puebla,2005,621212.047,Vicente Fox
Querétaro,2005,403091.741,Vicente Fox
Quintana Roo,2005,220251.865,Vicente Fox
San Luis Potosí,2005,366859.435,Vicente Fox
Sinaloa,2005,393983.567,Vicente Fox
Sonora,2005,559241.969,Vicente Fox
Tabasco,2005,443012.195,Vicente Fox
Tamaulipas,2005,638372.449,Vicente Fox
Tlaxcala,2005,111972.309,Vicente Fox
Veracruz de Ignacio de la Llave,2005,940665.082,Vicente Fox
Yucatán,2005,258320.6,Vicente Fox
Zacatecas,2005,150277.013,Vicente Fox
Aguascalientes,2006,200318.265,Vicente Fox
Baja California,2006,772686.808,Vicente Fox
Baja California Sur,2006,126685.37,Vicente Fox
Campeche,2006,959641.063,Vicente Fox
Coahuila de Zaragoza,2006,798549.101,Vicente Fox
Colima,2006,114843.833,Vicente Fox
Chiapas,2006,321113.546,Vicente Fox
Chihuahua,2006,635597.824,Vicente Fox
Ciudad de México,2006,3134225.217,Vicente Fox
Durango,2006,241373.384,Vicente Fox
Guanajuato,2006,769496.263,Vicente Fox
Guerrero,2006,280082.837,Vicente Fox
Hidalgo,2006,349080.409,Vicente Fox
Jalisco,2006,1340006.101,Vicente Fox
México,2006,1710985.648,Vicente Fox
Michoacán de Ocampo,2006,485161.704,Vicente Fox
Morelos,2006,232043.608,Vicente Fox
Nayarit,2006,135896.556,Vicente Fox
Nuevo León,2006,1469583.898,Vicente Fox
Oaxaca,2006,380271.447,Vicente Fox
Puebla,2006,650292.566,Vicente Fox
Querétaro,2006,427146.948,Vicente Fox
Quintana Roo,2006,234332.557,Vicente Fox
San Luis Potosí,2006,377360.11,Vicente Fox
Sinaloa,2006,411251.1,Vicente Fox
Sonora,2006,605738.979,Vicente Fox
Tabasco,2006,478124.997,Vicente Fox
Tamaulipas,2006,657147.376,Vicente Fox
Tlaxcala,2006,117236.121,Vicente Fox
Veracruz de Ignacio de la Llave,2006,992039.256,Vicente Fox
Yucatán,2006,270589.952,Vicente Fox
Zacatecas,2006,159901.098,Vicente Fox
Aguascalientes,2007,219091.899,Felipe Calderón
Baja California,2007,778767.048,Felipe Calderón
Baja California Sur,2007,137545.255,Felipe Calderón
Campeche,2007,897799.855,Felipe Calderón
Coahuila de Zaragoza,2007,819995.32,Felipe Calderón
Colima,2007,122046.013,Felipe Calderón
Chiapas,2007,324676.532,Felipe Calderón
Chihuahua,2007,664331.063,Felipe Calderón
Ciudad de México,2007,3142463.801,Felipe Calderón
Durango,2007,248235.605,Felipe Calderón
Guanajuato,2007,778043.648,Felipe Calderón
Guerrero,2007,287333.396,Felipe Calderón
Hidalgo,2007,359175.954,Felipe Calderón
Jalisco,2007,1380125.917,Felipe Calderón
México,2007,1755709.482,Felipe Calderón
Michoacán de Ocampo,2007,499362.052,Felipe Calderón
Morelos,2007,237033.907,Felipe Calderón
Nayarit,2007,133768.031,Felipe Calderón
Nuevo León,2007,1532409.515,Felipe Calderón
Oaxaca,2007,378474.41,Felipe Calderón
Puebla,2007,674599.97,Felipe Calderón
Querétaro,2007,451359.319,Felipe Calderón
Quintana Roo,2007,253901.251,Felipe Calderón
San Luis Potosí,2007,382599.136,Felipe Calderón
Sinaloa,2007,431732.231,Felipe Calderón
Sonora,2007,614338.181,Felipe Calderón
Tabasco,2007,490366.571,Felipe Calderón
Tamaulipas,2007,670947.628,Felipe Calderón
Tlaxcala,2007,118240.101,Felipe Calderón
Veracruz de Ignacio de la Llave,2007,1024390.917,Felipe Calderón
Yucatán,2007,276668.944,Felipe Calderón
Zacatecas,2007,165494.332,Felipe Calderón
Aguascalientes,2008,218472.947,Felipe Calderón
Baja California,2008,756707.319,Felipe Calderón
Baja California Sur,2008,142084.054,Felipe Calderón
Campeche,2008,828677.168,Felipe Calderón
Coahuila de Zaragoza,2008,806977.054,Felipe Calderón
Colima,2008,124498.006,Felipe Calderón
Chiapas,2008,337160.578,Felipe Calderón
Chihuahua,2008,696713.272,Felipe Calderón
Ciudad de México,2008,3183429.429,Felipe Calderón
Durango,2008,261332.532,Felipe Calderón
Guanajuato,2008,798104.41,Felipe Calderón
Guerrero,2008,288164.177,Felipe Calderón
Hidalgo,2008,370254.812,Felipe Calderón
Jalisco,2008,1408019.743,Felipe Calderón
México,2008,1766743.793,Felipe Calderón
Michoacán de Ocampo,2008,511751.728,Felipe Calderón
Morelos,2008,231184.487,Felipe Calderón
Nayarit,2008,143531.322,Felipe Calderón
Nuevo León,2008,1531655.04,Felipe Calderón
Oaxaca,2008,388520.309,Felipe Calderón
Puebla,2008,674193.135,Felipe Calderón
Querétaro,2008,451687.485,Felipe Calderón
Quintana Roo,2008,266797.067,Felipe Calderón
San Luis Potosí,2008,396936.763,Felipe Calderón
Sinaloa,2008,452116.581,Felipe Calderón
Sonora,2008,623269.542,Felipe Calderón
Tabasco,2008,510292.455,Felipe Calderón
Tamaulipas,2008,686326.364,Felipe Calderón
Tlaxcala,2008,119841.564,Felipe Calderón
Veracruz de Ignacio de la Llave,2008,1013361.517,Felipe Calderón
Yucatán,2008,280991.471,Felipe Calderón
Zacatecas,2008,172265.574,Felipe Calderón
Aguascalientes,2009,201960.396,Felipe Calderón
Baja California,2009,658790.712,Felipe Calderón
Baja California Sur,2009,134464.676,Felipe Calderón
Campeche,2009,753908.784,Felipe Calderón
Coahuila de Zaragoza,2009,647795.108,Felipe Calderón
Colima,2009,118472.235,Felipe Calderón
Chiapas,2009,332432.799,Felipe Calderón
Chihuahua,2009,626309.624,Felipe Calderón
Ciudad de México,2009,3008811.766,Felipe Calderón
Durango,2009,256632.613,Felipe Calderón
Guanajuato,2009,761825.927,Felipe Calderón
Guerrero,2009,282203.097,Felipe Calderón
Hidalgo,2009,354594.237,Felipe Calderón
Jalisco,2009,1315481.838,Felipe Calderón
México,2009,1656805.177,Felipe Calderón
Michoacán de Ocampo,2009,491327.01,Felipe Calderón
Morelos,2009,222778.287,Felipe Calderón
Nayarit,2009,134902.594,Felipe Calderón
Nuevo León,2009,1411038.652,Felipe Calderón
Oaxaca,2009,385689.529,Felipe Calderón
Puebla,2009,624404.773,Felipe Calderón
Querétaro,2009,430538.218,Felipe Calderón
Quintana Roo,2009,243054.262,Felipe Calderón
San Luis Potosí,2009,372395.45,Felipe Calderón
Sinaloa,2009,437071.056,Felipe Calderón
Sonora,2009,574217.794,Felipe Calderón
Tabasco,2009,523308.944,Felipe Calderón
Tamaulipas,2009,630178.749,Felipe Calderón
Tlaxcala,2009,114299.182,Felipe Calderón
Veracruz de Ignacio de la Llave,2009,996543.788,Felipe Calderón
Yucatán,2009,272887.758,Felipe Calderón
Zacatecas,2009,180057.64,Felipe Calderón
Aguascalientes,2010,219912.906,Felipe Calderón
Baja California,2010,686065.865,Felipe Calderón
Baja California Sur,2010,138668.832,Felipe Calderón
Campeche,2010,730232.324,Felipe Calderón
Coahuila de Zaragoza,2010,775118.743,Felipe Calderón
Colima,2010,125595.851,Felipe Calderón
Chiapas,2010,355978.857,Felipe Calderón
Chihuahua,2010,647629.946,Felipe Calderón
Ciudad de México,2010,3125716.691,Felipe Calderón
Durango,2010,261476.686,Felipe Calderón
Guanajuato,2010,812725.516,Felipe Calderón
Guerrero,2010,290708.028,Felipe Calderón
Hidalgo,2010,358637.296,Felipe Calderón
Jalisco,2010,1393675.357,Felipe Calderón
México,2010,1773209.581,Felipe Calderón
Michoacán de Ocampo,2010,502494.794,Felipe Calderón
Morelos,2010,232495.234,Felipe Calderón
Nayarit,2010,137487.191,Felipe Calderón
Nuevo León,2010,1509564.271,Felipe Calderón
Oaxaca,2010,379991.321,Felipe Calderón
Puebla,2010,671261.179,Felipe Calderón
Querétaro,2010,470414.969,Felipe Calderón
Quintana Roo,2010,255104.161,Felipe Calderón
San Luis Potosí,2010,393802.13,Felipe Calderón
Sinaloa,2010,441733.31,Felipe Calderón
Sonora,2010,595753.065,Felipe Calderón
Tabasco,2010,548305.605,Felipe Calderón
Tamaulipas,2010,642628.688,Felipe Calderón
Tlaxcala,2010,121829.162,Felipe Calderón
Veracruz de Ignacio de la Llave,2010,1029013.319,Felipe Calderón
Yucatán,2010,283033.049,Felipe Calderón
Zacatecas,2010,197186.988,Felipe Calderón
Aguascalientes,2011,230510.398,Felipe Calderón
Baja California,2011,698850.507,Felipe Calderón
Baja California Sur,2011,144956.375,Felipe Calderón
Campeche,2011,711663.191,Felipe Calderón
Coahuila de Zaragoza,2011,824838.467,Felipe Calderón
Colima,2011,133676.159,Felipe Calderón
Chiapas,2011,361270.255,Felipe Calderón
Chihuahua,2011,662042.787,Felipe Calderón
Ciudad de México,2011,3231440.239,Felipe Calderón
Durango,2011,273067.299,Felipe Calderón
Guanajuato,2011,854766.2,Felipe Calderón
Guerrero,2011,291758.339,Felipe Calderón
Hidalgo,2011,366544.301,Felipe Calderón
Jalisco,2011,1433185.382,Felipe Calderón
México,2011,1852646.107,Felipe Calderón
Michoacán de Ocampo,2011,522286.563,Felipe Calderón
Morelos,2011,241158.47,Felipe Calderón
Nayarit,2011,141214.937,Felipe Calderón
Nuevo León,2011,1558834.995,Felipe Calderón
Oaxaca,2011,385968.0,Felipe Calderón
Puebla,2011,707410.028,Felipe Calderón
Querétaro,2011,509818.258,Felipe Calderón
Quintana Roo,2011,268258.78,Felipe Calderón
San Luis Potosí,2011,416107.847,Felipe Calderón
Sinaloa,2011,452498.76,Felipe Calderón
Sonora,2011,648753.485,Felipe Calderón
Tabasco,2011,569065.838,Felipe Calderón
Tamaulipas,2011,647447.553,Felipe Calderón
Tlaxcala,2011,125891.351,Felipe Calderón
Veracruz de Ignacio de la Llave,2011,1047541.989,Felipe Calderón
Yucatán,2011,289260.514,Felipe Calderón
Zacatecas,2011,197227.212,Felipe Calderón
Aguascalientes,2012,242758.409,Felipe Calderón
Baja California,2012,726418.106,Felipe Calderón
Baja California Sur,2012,147269.702,Felipe Calderón
Campeche,2012,691262.004,Felipe Calderón
Coahuila de Zaragoza,2012,870634.531,Felipe Calderón
Colima,2012,135599.865,Felipe Calderón
Chiapas,2012,370237.305,Felipe Calderón
Chihuahua,2012,711480.757,Felipe Calderón
Ciudad de México,2012,3332208.721,Felipe Calderón
Durango,2012,286058.274,Felipe Calderón
Guanajuato,2012,892378.879,Felipe Calderón
Guerrero,2012,294551.278,Felipe Calderón
Hidalgo,2012,379811.021,Felipe Calderón
Jalisco,2012,1488616.797,Felipe Calderón
México,2012,1911401.717,Felipe Calderón
Michoacán de Ocampo,2012,531827.401,Felipe Calderón
Morelos,2012,248100.471,Felipe Calderón
Nayarit,2012,142897.855,Felipe Calderón
Nuevo León,2012,1621930.271,Felipe Calderón
Oaxaca,2012,386537.7,Felipe Calderón
Puebla,2012,747711.785,Felipe Calderón
Querétaro,2012,526760.646,Felipe Calderón
Quintana Roo,2012,280380.539,Felipe Calderón
San Luis Potosí,2012,437595.484,Felipe Calderón
Sinaloa,2012,466781.777,Felipe Calderón
Sonora,2012,681378.519,Felipe Calderón
Tabasco,2012,595176.484,Felipe Calderón
Tamaulipas,2012,676616.007,Felipe Calderón
Tlaxcala,2012,128974.598,Felipe Calderón
Veracruz de Ignacio de la Llave,2012,1084722.594,Felipe Calderón
Yucatán,2012,299649.182,Felipe Calderón
Zacatecas,2012,201298.32,Felipe Calderón
Aguascalientes,2013,251657.007,Peña Nieto
Baja California,2013,733753.711,Peña Nieto
Baja California Sur,2013,145215.69,Peña Nieto
Campeche,2013,692549.897,Peña Nieto
Coahuila de Zaragoza,2013,864429.383,Peña Nieto
Colima,2013,133729.296,Peña Nieto
Chiapas,2013,360620.977,Peña Nieto
Chihuahua,2013,732550.603,Peña Nieto
Ciudad de México,2013,3363394.325,Peña Nieto
Durango,2013,299615.205,Peña Nieto
Guanajuato,2013,931176.5,Peña Nieto
Guerrero,2013,299721.333,Peña Nieto
Hidalgo,2013,379719.808,Peña Nieto
Jalisco,2013,1514072.597,Peña Nieto
México,2013,1923371.619,Peña Nieto
Michoacán de Ocampo,2013,533525.806,Peña Nieto
Morelos,2013,258139.365,Peña Nieto
Nayarit,2013,145073.201,Peña Nieto
Nuevo León,2013,1611568.788,Peña Nieto
Oaxaca,2013,397816.027,Peña Nieto
Puebla,2013,735647.501,Peña Nieto
Querétaro,2013,522047.708,Peña Nieto
Quintana Roo,2013,289182.389,Peña Nieto
San Luis Potosí,2013,450257.199,Peña Nieto
Sinaloa,2013,465716.02,Peña Nieto
Sonora,2013,709513.53,Peña Nieto
Tabasco,2013,597199.661,Peña Nieto
Tamaulipas,2013,680107.018,Peña Nieto
Tlaxcala,2013,128120.564,Peña Nieto
Veracruz de Ignacio de la Llave,2013,1074459.351,Peña Nieto
Yucatán,2013,302445.463,Peña Nieto
Zacatecas,2013,196163.855,Peña Nieto
Aguascalientes,2014,277675.258,Peña Nieto
Baja California,2014,760856.967,Peña Nieto
Baja California Sur,2014,147613.684,Peña Nieto
Campeche,2014,685992.025,Peña Nieto
Coahuila de Zaragoza,2014,902863.241,Peña Nieto
Colima,2014,135090.725,Peña Nieto
Chiapas,2014,374691.487,Peña Nieto
Chihuahua,2014,753194.78,Peña Nieto
Ciudad de México,2014,3412110.198,Peña Nieto
Durango,2014,307939.663,Peña Nieto
Guanajuato,2014,978988.664,Peña Nieto
Guerrero,2014,320203.667,Peña Nieto
Hidalgo,2014,397901.378,Peña Nieto
Jalisco,2014,1567647.173,Peña Nieto
México,2014,1966749.107,Peña Nieto
Michoacán de Ocampo,2014,560341.417,Peña Nieto
Morelos,2014,259665.782,Peña Nieto
Nayarit,2014,145894.418,Peña Nieto
Nuevo León,2014,1666974.701,Peña Nieto
Oaxaca,2014,395065.139,Peña Nieto
Puebla,2014,747336.718,Peña Nieto
Querétaro,2014,542149.192,Peña Nieto
Quintana Roo,2014,300005.938,Peña Nieto
San Luis Potosí,2014,460034.176,Peña Nieto
Sinaloa,2014,465691.046,Peña Nieto
Sonora,2014,721989.413,Peña Nieto
Tabasco,2014,594889.244,Peña Nieto
Tamaulipas,2014,687652.552,Peña Nieto
Tlaxcala,2014,130495.959,Peña Nieto
Veracruz de Ignacio de la Llave,2014,1074852.021,Peña Nieto
Yucatán,2014,312685.721,Peña Nieto
Zacatecas,2014,211201.498,Peña Nieto
Aguascalientes,2015,294497.175,Peña Nieto
Baja California,2015,795080.747,Peña Nieto
Baja California Sur,2015,156072.034,Peña Nieto
Campeche,2015,700310.741,Peña Nieto
Coahuila de Zaragoza,2015,897702.095,Peña Nieto
Colima,2015,141029.129,Peña Nieto
Chiapas,2015,364001.282,Peña Nieto
Chihuahua,2015,803883.276,Peña Nieto
Ciudad de México,2015,3503520.113,Peña Nieto
Durango,2015,300289.376,Peña Nieto
Guanajuato,2015,1026150.188,Peña Nieto
Guerrero,2015,314103.695,Peña Nieto
Hidalgo,2015,413909.179,Peña Nieto
Jalisco,2015,1626750.813,Peña Nieto
México,2015,2007571.85,Peña Nieto
Michoacán de Ocampo,2015,573505.865,Peña Nieto
Morelos,2015,265750.876,Peña Nieto
Nayarit,2015,147428.811,Peña Nieto
Nuevo León,2015,1728163.992,Peña Nieto
Oaxaca,2015,401404.011,Peña Nieto
Puebla,2015,765649.97,Peña Nieto
Querétaro,2015,574578.187,Peña Nieto
Quintana Roo,2015,318607.819,Peña Nieto
San Luis Potosí,2015,480024.605,Peña Nieto
Sinaloa,2015,485181.193,Peña Nieto
Sonora,2015,760030.956,Peña Nieto
Tabasco,2015,553280.082,Peña Nieto
Tamaulipas,2015,712997.104,Peña Nieto
Tlaxcala,2015,137053.7,Peña Nieto
Veracruz de Ignacio de la Llave,2015,1082921.837,Peña Nieto
Yucatán,2015,322098.079,Peña Nieto
Zacatecas,2015,214605.466,Peña Nieto
Aguascalientes,2016,307395.841,Peña Nieto
Baja California,2016,828692.247,Peña Nieto
Baja California Sur,2016,163094.648,Peña Nieto
Campeche,2016,663239.242,Peña Nieto
Coahuila de Zaragoza,2016,901719.484,Peña Nieto
Colima,2016,140705.238,Peña Nieto
Chiapas,2016,369919.287,Peña Nieto
Chihuahua,2016,830488.509,Peña Nieto
Ciudad de México,2016,3571368.188,Peña Nieto
Durango,2016,305382.234,Peña Nieto
Guanajuato,2016,1064742.519,Peña Nieto
Guerrero,2016,313422.06,Peña Nieto
Hidalgo,2016,418466.27,Peña Nieto
Jalisco,2016,1676418.736,Peña Nieto
México,2016,2058752.802,Peña Nieto
Michoacán de Ocampo,2016,591409.519,Peña Nieto
Morelos,2016,274364.869,Peña Nieto
Nayarit,2016,152585.941,Peña Nieto
Nuevo León,2016,1743960.883,Peña Nieto
Oaxaca,2016,399767.903,Peña Nieto
Puebla,2016,781511.065,Peña Nieto
Querétaro,2016,576734.826,Peña Nieto
Quintana Roo,2016,339733.437,Peña Nieto
San Luis Potosí,2016,505856.104,Peña Nieto
Sinaloa,2016,507491.757,Peña Nieto
Sonora,2016,792034.337,Peña Nieto
Tabasco,2016,532828.921,Peña Nieto
Tamaulipas,2016,709959.659,Peña Nieto
Tlaxcala,2016,139167.799,Peña Nieto
Veracruz de Ignacio de la Llave,2016,1059514.085,Peña Nieto
Yucatán,2016,336107.728,Peña Nieto
Zacatecas,2016,216654.627,Peña Nieto
Aguascalientes,2017,314242.379,Peña Nieto
Baja California,2017,863600.649,Peña Nieto
Baja California Sur,2017,170784.403,Peña Nieto
Campeche,2017,595666.96,Peña Nieto
Coahuila de Zaragoza,2017,941581.763,Peña Nieto
Colima,2017,150360.096,Peña Nieto
Chiapas,2017,359734.408,Peña Nieto
Chihuahua,2017,851284.313,Peña Nieto
Ciudad de México,2017,3646318.179,Peña Nieto
Durango,2017,304646.657,Peña Nieto
Guanajuato,2017,1115370.824,Peña Nieto
Guerrero,2017,308568.037,Peña Nieto
Hidalgo,2017,416408.562,Peña Nieto
Jalisco,2017,1708140.018,Peña Nieto
México,2017,2166131.837,Peña Nieto
Michoacán de Ocampo,2017,610394.385,Peña Nieto
Morelos,2017,277402.793,Peña Nieto
Nayarit,2017,155110.355,Peña Nieto
Nuevo León,2017,1809343.556,Peña Nieto
Oaxaca,2017,358236.419,Peña Nieto
Puebla,2017,835368.657,Peña Nieto
Querétaro,2017,591415.259,Peña Nieto
Quintana Roo,2017,357116.771,Peña Nieto
San Luis Potosí,2017,540243.664,Peña Nieto
Sinaloa,2017,518703.286,Peña Nieto
Sonora,2017,784601.397,Peña Nieto
Tabasco,2017,502350.996,Peña Nieto
Tamaulipas,2017,709149.522,Peña Nieto
Tlaxcala,2017,143920.437,Peña Nieto
Veracruz de Ignacio de la Llave,2017,1032743.718,Peña Nieto
Yucatán,2017,349598.977,Peña Nieto
Zacatecas,2017,220568.037,Peña Nieto
Aguascalientes,2018,327926.307,Peña Nieto
Baja California,2018,878816.868,Peña Nieto
Baja California Sur,2018,184618.103,Peña Nieto
Campeche,2018,564591.056,Peña Nieto
Coahuila de Zaragoza,2018,966054.662,Peña Nieto
Colima,2018,153808.394,Peña Nieto
Chiapas,2018,353600.113,Peña Nieto
Chihuahua,2018,853322.804,Peña Nieto
Ciudad de México,2018,3694574.874,Peña Nieto
Durango,2018,308981.254,Peña Nieto
Guanajuato,2018,1120602.844,Peña Nieto
Guerrero,2018,317844.942,Peña Nieto
Hidalgo,2018,418630.444,Peña Nieto
Jalisco,2018,1754179.51,Peña Nieto
México,2018,2243797.97,Peña Nieto
Michoacán de Ocampo,2018,633756.559,Peña Nieto
Morelos,2018,273244.597,Peña Nieto
Nayarit,2018,155757.538,Peña Nieto
Nuevo León,2018,1909026.435,Peña Nieto
Oaxaca,2018,383159.646,Peña Nieto
Puebla,2018,849556.003,Peña Nieto
Querétaro,2018,611367.75,Peña Nieto
Quintana Roo,2018,377340.667,Peña Nieto
San Luis Potosí,2018,557795.952,Peña Nieto
Sinaloa,2018,527714.061,Peña Nieto
Sonora,2018,782097.739,Peña Nieto
Tabasco,2018,471565.25,Peña Nieto
Tamaulipas,2018,732093.584,Peña Nieto
Tlaxcala,2018,147752.939,Peña Nieto
Veracruz de Ignacio de la Llave,2018,1029905.4,Peña Nieto
Yucatán,2018,364797.901,Peña Nieto
Zacatecas,2018,228388.213,Peña Nieto
Aguascalientes,2019,329358.364,AMLO
Baja California,2019,893946.249,AMLO
Baja California Sur,2019,177860.75,AMLO
Campeche,2019,541962.926,AMLO
Coahuila de Zaragoza,2019,953384.334,AMLO
Colima,2019,161109.858,AMLO
Chiapas,2019,348914.392,AMLO
Chihuahua,2019,866861.299,AMLO
Ciudad de México,2019,3679917.346,AMLO
Durango,2019,309426.436,AMLO
Guanajuato,2019,1099063.445,AMLO
Guerrero,2019,317146.825,AMLO
Hidalgo,2019,409266.416,AMLO
Jalisco,2019,1767123.319,AMLO
México,2019,2209647.064,AMLO
Michoacán de Ocampo,2019,635628.201,AMLO
Morelos,2019,269686.001,AMLO
Nayarit,2019,157163.253,AMLO
Nuevo León,2019,1918825.006,AMLO
Oaxaca,2019,367363.646,AMLO
Puebla,2019,856910.727,AMLO
Querétaro,2019,609108.252,AMLO
Quintana Roo,2019,376757.268,AMLO
San Luis Potosí,2019,534391.92,AMLO
Sinaloa,2019,522342.467,AMLO
Sonora,2019,783103.494,AMLO
Tabasco,2019,445870.998,AMLO
Tamaulipas,2019,752813.525,AMLO
Tlaxcala,2019,147876.82,AMLO
Veracruz de Ignacio de la Llave,2019,1053328.002,AMLO
Yucatán,2019,365825.755,AMLO
Zacatecas,2019,219746.547,AMLO
Aguascalientes,2020,307125.683,AMLO
Baja California,2020,839693.34,AMLO
Baja California Sur,2020,151931.29,AMLO
Campeche,2020,500514.726,AMLO
Coahuila de Zaragoza,2020,843597.571,AMLO
Colima,2020,148143.273,AMLO
Chiapas,2020,337240.435,AMLO
Chihuahua,2020,808710.891,AMLO
Ciudad de México,2020,3293855.308,AMLO
Durango,2020,286240.782,AMLO
Guanajuato,2020,1019446.377,AMLO
Guerrero,2020,289968.16,AMLO
Hidalgo,2020,364939.794,AMLO
Jalisco,2020,1624208.871,AMLO
México,2020,2035392.322,AMLO
Michoacán de Ocampo,2020,601188.661,AMLO
Morelos,2020,244988.806,AMLO
Nayarit,2020,142605.244,AMLO
Nuevo León,2020,1743165.623,AMLO
Oaxaca,2020,350911.405,AMLO
Puebla,2020,767210.116,AMLO
Querétaro,2020,553613.926,AMLO
Quintana Roo,2020,292733.432,AMLO
San Luis Potosí,2020,500250.925,AMLO
Sinaloa,2020,484352.671,AMLO
Sonora,2020,731237.968,AMLO
Tabasco,2020,464760.608,AMLO
Tamaulipas,2020,691399.975,AMLO
Tlaxcala,2020,135083.245,AMLO
Veracruz de Ignacio de la Llave,2020,971252.079,AMLO
Yucatán,2020,333528.2,AMLO
Zacatecas,2020,210643.065,AMLO
Aguascalientes,2021,315233.12,AMLO
Baja California,2021,896313.559,AMLO
Baja California Sur,2021,171064.575,AMLO
Campeche,2021,489604.295,AMLO
Coahuila de Zaragoza,2021,921586.983,AMLO
Colima,2021,147667.296,AMLO
Chiapas,2021,353638.51,AMLO
Chihuahua,2021,846063.938,AMLO
Ciudad de México,2021,3496055.811,AMLO
Durango,2021,303251.381,AMLO
Guanajuato,2021,1084518.133,AMLO
Guerrero,2021,303633.381,AMLO
Hidalgo,2021,391962.041,AMLO
Jalisco,2021,1712483.099,AMLO
México,2021,2163537.857,AMLO
Michoacán de Ocampo,2021,629066.207,AMLO
Morelos,2021,259938.545,AMLO
Nayarit,2021,155968.659,AMLO
Nuevo León,2021,1865875.274,AMLO
Oaxaca,2021,385418.058,AMLO
Puebla,2021,794876.174,AMLO
Querétaro,2021,578175.108,AMLO
Quintana Roo,2021,332542.125,AMLO
San Luis Potosí,2021,516190.984,AMLO
Sinaloa,2021,507429.021,AMLO
Sonora,2021,760930.124,AMLO
Tabasco,2021,545415.761,AMLO
Tamaulipas,2021,725029.605,AMLO
Tlaxcala,2021,143213.33,AMLO
Veracruz de Ignacio de la Llave,2021,1027896.032,AMLO
Yucatán,2021,358659.836,AMLO
Zacatecas,2021,221592.281,AMLO
Aguascalientes,2022,314602.247,AMLO
Baja California,2022,919300.278,AMLO
Baja California Sur,2022,178129.824,AMLO
Campeche,2022,472680.024,AMLO
Coahuila de Zaragoza,2022,935841.223,AMLO
Colima,2022,148438.434,AMLO
Chiapas,2022,374518.003,AMLO
Chihuahua,2022,911271.142,AMLO
Ciudad de México,2022,3650377.619,AMLO
Durango,2022,300478.113,AMLO
Guanajuato,2022,1110918.71,AMLO
Guerrero,2022,310105.899,AMLO
Hidalgo,2022,431251.882,AMLO
Jalisco,2022,1797547.063,AMLO
México,2022,2218452.727,AMLO
Michoacán de Ocampo,2022,652066.839,AMLO
Morelos,2022,260119.463,AMLO
Nayarit,2022,162601.045,AMLO
Nuevo León,2022,1928658.429,AMLO
Oaxaca,2022,415502.711,AMLO
Puebla,2022,825802.782,AMLO
Querétaro,2022,589221.237,AMLO
Quintana Roo,2022,356727.573,AMLO
San Luis Potosí,2022,532793.15,AMLO
Sinaloa,2022,516319.269,AMLO
Sonora,2022,790043.704,AMLO
Tabasco,2022,637775.227,AMLO
Tamaulipas,2022,748872.57,AMLO
Tlaxcala,2022,146641.599,AMLO
Veracruz de Ignacio de la Llave,2022,1041978.086,AMLO
Yucatán,2022,369043.268,AMLO
Zacatecas,2022,225013.349,AMLO
Aguascalientes,2023,334314.666,AMLO
Baja California,2023,947957.519,AMLO
Baja California Sur,2023,180788.204,AMLO
Campeche,2023,508514.617,AMLO
Coahuila de Zaragoza,2023,927968.193,AMLO
Colima,2023,153354.778,AMLO
Chiapas,2023,379626.199,AMLO
Chihuahua,2023,940100.509,AMLO
Ciudad de México,2023,3805614.443,AMLO
Durango,2023,309199.136,AMLO
Guanajuato,2023,1125731.16,AMLO
Guerrero,2023,310655.381,AMLO
Hidalgo,2023,441544.349,AMLO
Jalisco,2023,1849621.221,AMLO
México,2023,2266285.482,AMLO
Michoacán de Ocampo,2023,676492.511,AMLO
Morelos,2023,267785.129,AMLO
Nayarit,2023,162089.928,AMLO
Nuevo León,2023,1991519.7,AMLO
Oaxaca,2023,443373.204,AMLO
Puebla,2023,852715.662,AMLO
Querétaro,2023,613534.714,AMLO
Quintana Roo,2023,398839.252,AMLO
San Luis Potosí,2023,573596.989,AMLO
Sinaloa,2023,517102.253,AMLO
Sonora,2023,826902.615,AMLO
Tabasco,2023,647377.607,AMLO
Tamaulipas,2023,746115.755,AMLO
Tlaxcala,2023,149204.433,AMLO
Veracruz de Ignacio de la Llave,2023,1062248.661,AMLO
Yucatán,2023,387739.307,AMLO
Zacatecas,2023,229295.519,AMLO
Aguascalientes,2024,328087.965,AMLO
Baja California,2024,947677.009,AMLO
Baja California Sur,2024,187152.161,AMLO
Campeche,2024,473399.457,AMLO
Coahuila de Zaragoza,2024,922286.189,AMLO
Colima,2024,157139.889,AMLO
Chiapas,2024,389794.852,AMLO
Chihuahua,2024,930854.91,AMLO
Ciudad de México,2024,3885956.593,AMLO
Durango,2024,323802.357,AMLO
Guanajuato,2024,1170675.898,AMLO
Guerrero,2024,314019.724,AMLO
Hidalgo,2024,454116.317,AMLO
Jalisco,2024,1864059.172,AMLO
México,2024,2313164.328,AMLO
Michoacán de Ocampo,2024,681445.83,AMLO
Morelos,2024,271218.84,AMLO
Nayarit,2024,159749.672,AMLO
Nuevo León,2024,2059995.565,AMLO
Oaxaca,2024,467374.413,AMLO
Puebla,2024,882359.631,AMLO
Querétaro,2024,621620.129,AMLO
Quintana Roo,2024,383116.448,AMLO
San Luis Potosí,2024,579636.262,AMLO
Sinaloa,2024,514385.484,AMLO
Sonora,2024,822556.904,AMLO
Tabasco,2024,605206.515,AMLO
Tamaulipas,2024,764735.773,AMLO
Tlaxcala,2024,151512.669,AMLO
Veracruz de Ignacio de la Llave,2024,1094822.174,AMLO
Yucatán,2024,402785.746,AMLO
Zacatecas,2024,240511.776,AMLO
